Model,MAE,RMSE,R2
Linear Regression,2.784056395473981e-11,3.9246076305160515e-11,1.0
Decision Tree,428.6218928571429,677.3639722132408,0.9781035714666267
